GO_ID	Name	Gene Count	Gene Ratio	Fold Enrichment	p-value	FDR	-log10 FDR	FWER	Associated Genes
HP:0000816	Abnormality of Krebs cycle metabolism	6	0.019543973941368076	50.32328990228013	2.850562822826929e-10	7.330934939605155e-07	6.134840634742427	2.932373975842062e-06	MT-ND3, MT-ND4, MT-ATP6, MT-ND5, MT-ND1, MT-ND2
HP:0100611	Multiple glomerular cysts	6	0.019543973941368076	40.2586319218241	2.084717075039876e-09	3.0636406501336004e-06	5.51376217664271	2.1445484550935206e-05	MT-ND3, MT-ND4, MT-ATP6, MT-ND5, MT-ND1, MT-ND2
HP:0001112	Leber optic atrophy	6	0.019543973941368076	40.2586319218241	2.084717075039876e-09	3.0636406501336004e-06	5.51376217664271	2.1445484550935206e-05	MT-ND4, MT-ATP6, MT-ND5, MT-ND1, MT-ND4L, MT-ND2
HP:0031434	Abnormal prosody	6	0.019543973941368076	36.59875629256736	4.528968240322954e-09	4.461804433089172e-06	5.350489469348363	4.658949628820223e-05	MT-ND3, MT-ND4, MT-ATP6, MT-ND5, MT-ND1, MT-ND2
HP:0000576	Centrocecal scotoma	7	0.02280130293159609	36.129541468303685	2.424761825716586e-10	7.330934939605155e-07	6.134840634742427	2.494352490114652e-06	OPA1, MT-ND4, MT-ATP6, MT-ND5, MT-ND1, MT-ND4L, MT-ND2
HP:0007768	Central retinal vessel vascular tortuosity	6	0.019543973941368076	33.54885993485342	8.94458054920091e-09	5.75080625685186e-06	5.240271263422529	9.201290010962976e-05	MT-ND4, MT-ATP6, MT-ND5, MT-ND1, MT-ND4L, MT-ND2
HP:0032036	Reduced contrast sensitivity	6	0.019543973941368076	33.54885993485342	8.94458054920091e-09	5.75080625685186e-06	5.240271263422529	9.201290010962976e-05	MT-ND4, MT-ATP6, MT-ND5, MT-ND1, MT-ND4L, MT-ND2
HP:0004309	Ventricular preexcitation	6	0.019543973941368076	30.968178401403158	1.6403527149168826e-08	8.881214935973669e-06	5.051527619368085	0.0001687430837834997	MT-ND4, MT-ATP6, MT-ND5, MT-ND1, MT-ND4L, MT-ND2
HP:0020120	Retinal nerve fiber edema	6	0.019543973941368076	26.839087947882735	4.665430022345387e-08	1.8650310092883215e-05	4.729313942916501	0.00047993278639866995	MT-ND4, MT-ATP6, MT-ND5, MT-ND1, MT-ND4L, MT-ND2
HP:0003572	Low plasma citrulline	6	0.019543973941368076	26.839087947882735	4.665430022345387e-08	1.8650310092883215e-05	4.729313942916501	0.00047993278639866995	MT-ND3, MT-ND4, MT-ATP6, MT-ND5, MT-ND1, MT-ND2
HP:0000091	Abnormal renal tubule morphology	6	0.019543973941368076	25.161644951140065	7.371355552342132e-08	2.7081833773908395e-05	4.567321931902481	0.000758291345669435	MT-ND3, MT-ND4, MT-ATP6, MT-ND5, MT-ND1, MT-ND2
HP:0004885	Episodic respiratory distress	6	0.019543973941368076	23.681548189308295	1.124968985995833e-07	3.9905365375652183e-05	4.3989687084138875	0.0011572555958939135	MT-ND3, MT-ND4, MT-ATP6, MT-ND5, MT-ND1, MT-ND2
HP:0003481	Segmental peripheral demyelination/remyelination	6	0.019543973941368076	22.365906623235613	1.6663645693441405e-07	5.356841351513492e-05	4.271091215524194	0.0017141892324843175	MT-ND3, MT-ND4, MT-ATP6, MT-ND5, MT-ND1, MT-ND2
HP:0007183	Focal T2 hyperintense basal ganglia lesion	7	0.02280130293159609	22.365906623235613	1.4830374535455628e-08	8.47555904701289e-06	5.07183164616023	0.00015256006284623203	MT-ND3, MT-ND4, MT-ATP6, MT-ND5, GFAP, MT-ND1, MT-ND2
HP:0200125	Mitochondrial respiratory chain defects	6	0.019543973941368076	21.18875364306532	2.4050258579316983e-07	7.497121515316176e-05	4.125105449937721	0.002474050100054338	MT-ND4, MT-ATP6, MT-ND5, MT-ND1, MT-ND4L, MT-ND2
HP:0001427	Mitochondrial inheritance	7	0.02280130293159609	20.421045177736865	3.047716772458412e-08	1.4929458303942708e-05	4.825955949801865	0.00031351862438279687	MT-ND4, MT-CO2, MT-ATP6, MT-ND5, MT-ND1, MT-ND4L, MT-ND2
HP:0031546	Cardiac conduction abnormality	8	0.026058631921824105	19.170777105630524	5.330605478848763e-09	4.461804433089172e-06	5.350489469348363	5.483593856091723e-05	MT-ND3, MT-ND4, MT-CO2, MT-ATP6, MT-ND5, MT-ND1, ATP1A3, MT-ND2
HP:0002883	Hyperventilation	8	0.026058631921824105	15.787698792872197	2.8810322109276357e-08	1.4818589176906294e-05	4.8291931419606495	0.0002963717835381259	MT-ND3, MT-ND4, MT-ATP6, MT-ND5, SYT1, MT-ND1, TCF4, MT-ND2
HP:0002483	Bulbar signs	10	0.03257328990228013	15.604120899931825	5.797839633860485e-10	1.1928475262704562e-06	5.923415065744017	5.964237631352281e-06	MT-ND3, MT-ND4, REEP1, MT-ATP6, MT-ND5, GFAP, MT-ND1, ATP1A3, ATXN1, MT-ND2
HP:0001271	Polyneuropathy	10	0.03257328990228013	10.166321192379824	4.7137947158060035e-08	1.8650310092883215e-05	4.729313942916501	0.0004849080624149636	OPA1, TBC1D24, MT-ND4, MT-ATP6, MT-ND5, ARL6IP1, SPTBN1, MT-ND1, MT-ND4L, MT-ND2
HP:0002072	Chorea	15	0.048859934853420196	6.026741305662291	3.2401829600807646e-08	1.5150800959250375e-05	4.819564407228491	0.00033331762110350827	MT-ND3, VPS13A, MT-ND4, GNAO1, MT-ATP6, MT-ND5, KIF5A, SYT1, MT-ND1, ATP1A3, ATXN1, VAMP2, ATXN7, MT-ND2, GRIA4
HP:0000733	Motor stereotypy	16	0.05211726384364821	5.477364887323008	4.346648745875087e-08	1.8650310092883215e-05	4.729313942916501	0.00044713975648817016	SMARCA2, PPP2CA, ZMYM2, CERT1, NIPBL, NAPB, DYRK1A, MACF1, SPTBN1, SYT1, KMT2A, TCF4, ZBTB20, CAMTA1, KIF5C, TRIO
HP:0007359	Focal-onset seizure	16	0.05211726384364821	5.394791547313113	5.376641415445344e-08	2.048500379284676e-05	4.688563951300184	0.0005530951024068626	MAP1B, PPP2CA, TBC1D24, MAPK10, GNAO1, MT-CO2, MT-ND5, ATP6V0C, FRYL, SPTBN1, MT-ND1, ATP1A3, LGI1, CTNND2, VAMP2, MT-ND4
HP:0000729	Autistic behavior	31	0.10097719869706841	4.716619764083701	8.896244286934808e-13	9.151566497969838e-09	8.038504560229216	9.151566497969836e-09	SMARCA2, NLGN1, TCF12, KMT2C, DYRK1A, ATP1A3, TCF4, PPP2CA, ZMYM2, TBL1XR1, VPS13B, VAMP2, COG5, CAMTA1, WAC, SPECC1L, SYT1, SPTBN1, TNRC6B, RORA, TRIO, MAP1B, TBC1D24, ANK3, TRPM3, MAPK10, GNAO1, NIPBL, ARID1B, STAG2, MED13L
HP:0002069	Bilateral tonic-clonic seizure	23	0.0749185667752443	4.359456375715416	3.9896291625545095e-09	4.461804433089172e-06	5.350489469348363	4.104131519519824e-05	MT-ND3, VPS13A, CERT1, PPP3CA, DYRK1A, MT-ND1, ATP1A3, PPP2CA, MACF1, MT-ND5, LGI1, MT-ND2, CAMTA1, WAC, MT-CO2, ATP6V0C, ST3GAL3, TBC1D24, TRPM3, MAPK10, GNAO1, MT-ATP6, MT-ND4
HP:0000718	Aggressive behavior	19	0.06188925081433225	4.235404244267209	1.4590277915274677e-07	4.841618997239696e-05	4.315009389596228	0.0015009018891443062	SMARCA2, VPS13A, DYRK1A, ATP1A3, TCF4, LINGO1, KMT2E, ZBTB20, CAMTA1, WAC, SPTBN1, NFIB, TRIO, ANK3, MAPK10, NIPBL, ARID1B, KMT2A, MED13L
HP:0001276	Hypertonia	21	0.06840390879478828	3.881686273454115	1.3954933496382116e-07	4.785146695909427e-05	4.320104743728847	0.0014355440087728281	MT-ND3, VPS13A, FTO, DYRK1A, MT-ND1, LINGO1, TBL1XR1, MT-ND5, BMPR1A, CRPPA, MT-ND2, REEP1, SPTBN1, OPA1, TBC1D24, KIF5C, MT-ATP6, NIPBL, APP, MT-ND4, GRIA4
HP:0000739	Anxiety	26	0.08469055374592833	3.7679065153615072	7.968956380675856e-09	5.75080625685186e-06	5.240271263422529	8.197665428801253e-05	VPS13A, YWHAG, TCF12, DYRK1A, BBS9, ATP1A3, MT-ND1, ERBB4, KMT2E, MT-ND5, BMPR1A, ZBTB20, WAC, MT-CO2, FRYL, SPECC1L, SPTBN1, VPS13C, SYT1, NFIB, GTF2I, NIPBL, STAG2, KMT2A, MT-ND4, STX16
HP:0002015	Dysphagia	28	0.09120521172638436	3.599111410635616	5.638520232347548e-09	4.461804433089172e-06	5.350489469348363	5.800345763015923e-05	MT-ND3, VPS13A, DYRK1A, MT-ND1, ATP1A3, ATXN1, ERBB4, ATXN7, MRPS28, AOPEP, ZMYM2, MACF1, MT-ND5, KIF5A, MT-ND2, WAC, REEP1, HNRNPA2B1, VPS13C, TRIO, OPA1, GNAO1, MT-ATP6, APP, STAG2, GFAP, KMT2A, MT-ND4
HP:0011968	Feeding difficulties	36	0.11726384364820847	2.913773118587993	9.506972056601575e-09	5.75283656154473e-06	5.240117964133292	9.779822154626041e-05	MT-ND3, SMARCA2, YWHAG, PPP3CA, DYRK1A, NR3C2, ATP1A3, MT-ND1, TCF4, ATXN7, LINGO1, KMT2E, DST, HIBCH, PPP2CA, ZMYM2, TBL1XR1, MACF1, KIF5A, MT-ND2, CNTN1, ADARB1, WAC, HNRNPA2B1, SPTBN1, SYT1, TRIO, OPA1, TBC1D24, GNAO1, NIPBL, ARID1B, STAG2, KMT2A, GRIA4, RPS28
HP:0000006	Autosomal dominant inheritance	76	0.247557003257329	2.2775465431432425	3.730516708450409e-12	1.918791268991468e-08	7.716972266356575	3.837582537982936e-08	SMARCA2, RBFOX2, NSF, ROBO1, NLGN1, CERT1, YWHAG, CALM2, TCF12, KMT2C, DYRK1A, PPP3CA, NBAS, NR3C2, ATP1A3, BBS9, ATXN1, ATXN7, TCF4, ERBB4, KMT2E, PRLR, TSHZ1, PPP2CA, PKD1L1, RPL18, ZMYM2, RAPGEF2, VPS13B, LPP, TBL1XR1, KIF5A, MACF1, LGI1, VAMP2, BMPR1A, GRIA4, ZBTB20, MIB1, CAMTA1, WAC, DTNA, REEP1, ANGPT2, WDFY3, EGFR, FRYL, SYT1, SPTBN1, HNRNPA2B1, SPECC1L, ATP6V0C, PLCG2, TNRC6B, NFIB, MEF2A, RORA, AKT3, WNK1, TRIO, MAP1B, OPA1, BSCL2, TBC1D24, TRPM3, GNAO1, KIF1B, NIPBL, ARID1B, APP, GFAP, KMT2A, MED13L, STX16, KIF5C, RPS28
HP:0001250	Seizure	59	0.19218241042345277	2.2480212789964247	3.128465321429824e-09	4.022815345193576e-06	5.395469901906491	3.21825227615486e-05	MT-ND3, SMARCA2, VPS13A, ROBO1, FTO, YWHAG, CALM2, NAPB, KMT2C, DYRK1A, PPP3CA, NBAS, BBS9, ATP1A3, MT-ND1, TCF4, LINGO1, KMT2E, HIBCH, ZMYM2, RAPGEF2, VPS13B, TBL1XR1, MT-ND5, MACF1, BMPR1A, GRIA4, ZBTB20, CRPPA, COG5, CAMTA1, MT-ND2, ADARB1, MPDZ, WAC, MT-CO2, FRYL, SPTBN1, TNRC6B, NFIB, AKT3, RORA, SLC35A1, TRIO, OPA1, TBC1D24, ANK3, TRPM3, GNAO1, MT-ATP6, NIPBL, ARID1B, APP, GFAP, STAG2, KMT2A, MT-ND4, KIF5C, BSCL2
HP:0001263	Global developmental delay	67	0.2182410423452769	2.0783852201897175	5.15622925405269e-09	4.461804433089172e-06	5.350489469348363	5.3042130336440017e-05	MT-ND3, SMARCA2, NLGN1, ROBO1, CERT1, YWHAG, TCF12, NAPB, KMT2C, DYRK1A, PPP3CA, NBAS, BBS9, ATP1A3, MT-ND1, TCF4, ATXN7, LINGO1, KMT2E, HIBCH, PPP2CA, ZMYM2, TBL1XR1, VPS13B, MT-ND5, KIF5A, MACF1, VAMP2, GRIA4, ZBTB20, CRPPA, CNTN1, CAMTA1, MT-ND2, ADARB1, BLOC1S6, WAC, REEP1, MT-CO2, ATP6V0C, FRYL, SYT1, SPTBN1, SPECC1L, TNRC6B, AKT3, RORA, SLC35A1, FNIP1, TRIO, MAP1B, OPA1, TBC1D24, ANK3, TRPM3, GNAO1, MT-ATP6, NIPBL, ARID1B, APP, GFAP, STAG2, KMT2A, MED13L, MT-ND4, KIF5C, RPS28
