	DrugBank_ID	DrugBank_Name	Indication	Targets	Proximity	FDR
0	DB09330	Osimertinib	Osimertinib is indicated for the treatment of patients with metastatic epidermal growth factor receptor (EGFR) T790M mutation-positive non-small cell lung cancer (NSCLC), as detected by an FDA- approved test, who have progressed on or after EGFR-TKI therapy.	EGFR	-11.663513158751538	<0.0001
1	DB11963	Dacomitinib	"Dacomitinib is indicated as the first-line treatment of patients with metastatic non-small cell lung cancer (NSCLC) with epidermal growth factor receptor (EGFR) exon 19 deletion or exon 21 L858R substitution mutations as verified by an FDA-approved test.[L4812]

Lung cancer is the leading cause of cancer death and NSCLC accounts for 85% of lung cancer cases. From the cases of NSCLC, approximately 75% of the patients present a late diagnosis with metastatic and advanced disease which produces a survival rate of 5%. The presence of a mutation in EGFR accounts for more than the 60% of the NSCLC cases and the overexpression of EGFR is associated with frequent lymph node metastasis and poor chemosensitivity.[A40018, A19201]"	EGFR	-11.663513158751538	<0.0001
2	DB00317	Gefitinib	For the continued treatment of patients with locally advanced or metastatic non-small cell lung cancer after failure of either platinum-based or docetaxel chemotherapies.	EGFR	-11.663513158751538	<0.0001
3	DB05134	Tanespimycin	Investigated for use/treatment in leukemia (myeloid) and solid tumors.	HSP90AB1, HSP90AA1	-10.979129880630257	<0.0001
4	DB02424	Geldanamycin		HSP90B1, HSP90AB1, HSP90AA1	-7.475301992446737	<0.0001
5	DB08080	Latrunculin B		SPIRE2, MRTFA, ACTA1	-2.845916391559236	<0.0001
6	DB05294	Vandetanib	Vandetanib is currently approved as an alternative to local therapies for both unresectable and disseminated disease. Because Vandetanib can prolong the Q-T interval, it is contraindicated for use in patients with serious cardiac complications such as congenital long QT syndrome and uncompensated heart failure. 	PTK6, TEK, RET, EGFR, VEGFA	-2.7068196046140662	<0.0001
7	DB01782	Pyrazolanthrone		TTK, MAPK10, MAPK8IP1, MAPK8	-2.2595324337338742	<0.0001
8	DB01248	Docetaxel	For the treatment of patients with locally advanced or metastatic breast cancer after failure of prior chemotherapy. Also used as a single agent in the treatment of patients with locally advanced or metastatic non-small cell lung cancer after failure of prior platinum-based chemotherapy. It is also used in combination with prednisone, in the treatment of patients with androgen independent (hormone refractory) metastatic prostate cancer. Furthermore, docetaxel has uses in the treatment of gastric adenocarinoma and head and neck cancer. 	TUBB1, MAP4, BCL2, NR1I2, MAP2, MAPT	-1.6483364951357549	<0.0001
9	DB00783	Estradiol	"Estradiol is indicated in various preparations for the treatment of moderate to severe vasomotor symptoms and vulvar and vaginal atrophy due to menopause, for the treatment of hypoestrogenism due to hypogonadism, castration, or primary ovarian failure, and for the prevention of postmenopausal osteoporosis. It is also used for the treatment of breast cancer (only for palliation therapy) in certain men or women with metastatic disease, and for the treatment of androgen-dependent prostate cancer (only for palliation therapy).[L11485,L11494,L11497] It is also used in combination with other hormones as a component of oral contraceptive pills for preventing pregnancy (most commonly as [DB00977], a synthetic form of estradiol).

**A note on duration of treatment**

Recommendations for treatment of menopausal symptoms changed drastically following the release of results and early termination of the Women's Health Initiative (WHI) studies in 2002 as concerns were raised regarding estrogen use.[A31626] Specifically, the combined estrogen–progestin group was discontinued after about 5 years of follow up due to a statistically significant increase in invasive breast cancer and in cardiovascular events.[A31627] 

Following extensive critique of the WHI results, Hormone Replacement Therapy (HRT) is now recommended to be used only for a short period (for 3-5 years postmenopause) in low doses, and in women without a history of breast cancer or increased risk of cardiovascular or thromboembolic disease.[A31628] Estrogen for postmenopausal symptoms should always be given with a progestin component due to estrogen's stimulatory effects on the endometrium; in women with an intact uterus, unopposed estrogen has been shown to promote the growth of the endometrium which can lead to endometrial hyperplasia and possibly cancer over the long-term. 

"	MT-ATP6, ESR2, NR1I2, ESR1, BECN1, GPER1, CHRNA4	-1.1053512338098062	<0.0001
10	DB04447	1,4-Dithiothreitol		CAMK2A, TRPM7, TPI1, ALDH1A1, GSTZ1, AXIN1, LGALS1, MSRA, HMGCR, PPIB	-0.904566602416973	<0.0001
11	DB02709	Resveratrol	Being investigated for the treatment of Herpes labialis infections (cold sores).	NR1I3, CSNK2A1, PTGS1, ITGB3, PTGS2, KHSRP, NR1I2, PI4K2B, SIRT1, NQO2, PPARA, ALOX15, ESR1, ITGA5, AKT1, YARS1, MTNR1B, ALOX5, SNCA, AHR, SLC2A1, MTNR1A, CLEC14A, APP, CBR1, PPARG	-0.8683579255473548	<0.0001
12	DB00421	Spironolactone	"Spironolactone is indicated for the treatment of New York Heart Association Class III-IV heart failure, management of edema in cirrhotic adults not responsive to fluid and sodium restrictions, primary hyperaldosteronism short-term preoperatively, primary hyperaldosteronism long-term in patients with aldosterone producing adrenal adenomas that are not candidates for surgery or patients with bilarteral micro/macronodular adrenal hyperplasia, as an add-on therapy in hypertension, and in nephrotic syndrome when treatment of the disease as well as fluid and sodium restriction with other diuretics is inadequate.[Label]

Spironolactone has antiandrogenic activity which leads to many of its off label uses. Spironolactone is used off label in the treatment of hirsutism, female pattern hair loss, and adult acne vulgaris.[A178135]

Spironolactone is also frequently used for its antiandrogenic effects in transgender female patients due to its low cost and reducing male-pattern hair growth.[A178138]"	PGR, SHBG, CYP17A1, CYP11B2, CACNG1, NR3C2, SRD5A1, NR1I2, AR, NR3C1	-0.7263174410285056	<0.0001
13	DB00396	Progesterone	"**Gelatinized capsules**

The gelatinized capsules are indicated for use in the prevention of endometrial hyperplasia in non-hysterectomized postmenopausal women who are receiving conjugated estrogens tablets. They are also indicated for use in secondary amenorrhea [FDA label]. 

**Vaginal gel**

Progesterone gel (8%) is indicated as progesterone supplementation or replacement as part of an Assisted Reproductive Technology (“ART”) treatment for infertile women with progesterone deficiency.  The lower concentration progesterone gel (4%) is used in the treatment of secondary amenorrhea, with the use of the 8% concentration if there is no therapeutic response to the 4% gel [F3898].

**Vaginal insert**

This form is indicated to support embryo implantation and early pregnancy by supplementation of corpus luteal function as part of an Assisted Reproductive Technology (ART) treatment program for infertile women [F3901].

**Injection (intramuscular)**

This drug is indicated in amenorrhea and abnormal uterine bleeding due to hormonal imbalance in the absence of organic pathology, such as submucous fibroids or uterine cancer [F3907]. 

**Tablets, contraceptive**

The tablet form of progesterone in contraceptive formulations is indicated for the prevention of pregnancy [F3904]. "	PGR, ORM1, OPRK1, SHBG, CYP17A1, ESR2, NR3C2, AR, ESR1, NR3C1	-1.1240195155856454	0.0008972730875329379
14	DB11828	Neratinib	For use as an extended adjuvant treatment in adult patients with early stage HER2-overexpressed/amplified breast cancer, to follow adjuvant trastuzumab-based therapy [FDA Label].	EGFR	-11.663513158751538	0.003153623699603635
15	DB03496	Alvocidib	Investigated for use/treatment in esophageal cancer, leukemia (lymphoid), lung cancer, liver cancer, and lymphoma (unspecified).	CDK1, CDK9, EGFR, CDK5, CDK2, CDK6, PYGM, CDK7, CDK4, PYGB, CDK8	-1.364936521608308	0.005290232650758355
16	DB12442	Alvespimycin	Investigated for use as an antineoplastic agent for solid tumors, advanced solid tumours or acute myeloid leukaemia. 	HSP90AA1	-11.078303279000705	0.00734826665730041
17	DB00530	Erlotinib	"Erlotinib is indicated for:

- The treatment of metastatic non-small cell lung cancer (NSCLC) with tumors showing epidermal growth factor receptor (EGFR) exon 19 deletions or exon 21 (L858R) substitution mutations [FDA label]. 

- In combination with first-line treatment for patients diagnosed with locally advanced, unresectable or metastatic pancreatic cancer [FDA label].

The safety and efficacy of erlotinib have not been established for patients with NSCLC whose tumors show other EGFR mutations. Additionally it is not recommended for use in combination with platinum-based chemotherapy. [FDA label]"	EGFR, NR1I2	-6.065579687415618	0.008645191718737762
18	DB13956	Estradiol valerate	"Estradiol valerate is commercially available as an intramuscular injection as the product Delestrogen and is indicated for the treatment of moderate to severe vasomotor symptoms and vulvovaginal atrophy due to menopause, for the treatment of hypoestrogenism due to hypogonadism, castration or primary ovarian failure, and for the treatment of advanced androgen-dependent carcinoma of the prostate (for palliation only). 

Estradiol valerate is also available in combination with [DB09123] as the commercially available product Natazia used for the prevention of pregnancy and for the treatment of heavy menstrual bleeding."	ESRRG, NCOA2, MT-ATP6, ESR2, HSD17B2, NR1I2, ESR1, BECN1, GPER1, CHRNA4	-0.7814723703050606	0.01347822665702153
19	DB00700	Eplerenone	For improvement of survival of stable patients with left ventricular systolic dysfunction (ejection fraction <40%) and clinical evidence of congestive heart failure after an acute myocardial infarction.	NR3C2	-7.031379211139168	0.013706709398337269
20	DB01259	Lapatinib	Indicated in combination with capecitabine for the treatment of patients with advanced or metastatic breast cancer whose tumors overexpress the human epidermal receptor type 2 (HER2) protein and who have received prior therapy including an anthracycline, a taxane, and trastuzuma.	ERBB2, EGFR	-6.065579687415618	0.0138089957724028
21	DB00608	Chloroquine	"Chloroquine is indicated to treat infections of _P. vivax_, _P. malariae_, _P. ovale_, and susceptible strains of _P. falciparum_.[L12051] It is also used to treat extraintestinal amebiasis.[L12051]

Chloroquine is also used off label for the treatment of rheumatic diseases,[A191655] as well as treatment and prophylaxis of Zika virus.[A191649,A191652] Chloroquine is currently undergoing clinical trials for the treatment of COVID-19.[A191631]"	GSTA2, GSTM1, HMGB1, ACE2, TNF, TLR9	-1.5838830734846412	0.013987363987363987
22	DB05424	Canertinib	Investigated for use/treatment in breast cancer and lung cancer.	EGFR	-11.663513158751538	0.027566616732093163
23	DB01013	Clobetasol propionate	Clobetasol propionate is indicated to treat moderate to severe plaque psoriasis[L11818,L118121,L11824] as well as inflammatory and pruritic manifestations of corticosteroid responsive dermatoses.[L11815,L11827]	ANXA1, NR3C2, NR3C1	-2.655557214432855	0.02840642783160507
24	DB12695	Phenethyl Isothiocyanate		ATP5MG, HSPA4, TUBB1, CYB5B, RANBP1, TPM1, MT-ND1, USP14, YWHAB, ACTB, PAPPA, TUBB3, SF3A3, SUCLG2, ACTA2, PSMC3, TPM3, TUBA3C, PSMA3, S100A10, TUBB4B, YWHAH, FBXO41, YWHAQ, TUBA4A, VCP, UCHL1, DIABLO, HSPE1, HSPB1, HNRNPK, YWHAZ, HSPH1, HNRNPF, SMARCE1, TPD52L2, VIM, NUDC, TXN, YWHAE, ATP5ME, TUBB2A, TPM4, TUBA1A, ATP5F1B	-1.1696195169436059	0.04988027210884354
25	DB00280	Disopyramide	For the treatment of documented ventricular arrhythmias, such as sustained ventricular tachycardia, ventricular pre-excitation and cardiac dysrhythmias. It is a Class Ia antiarrhythmic drug.	SCN5A, KCNH2, CHRM3, ORM2, KCND3, CHRM2, KCND2, CHRM1	-0.8599289088614013	0.05035314693379409
26	DB00588	Fluticasone propionate	Fluticasone propionate is indicated as an inhaler for the treatment and management of asthma by prophylaxis[FDA Label]as well as inflammatory and pruritic dermatoses[F4355]. Fluticasone propionate nasal spray is indicated for managing allergic and nonallergic rhinitis[L8309,F4358].	PLA2G4A, PGR, NR3C2, NR3C1	-1.7771610693802826	0.16480761117009685
27	DB04216	Quercetin		CSNK2A1, CYP1B1, RUVBL2, SF3B3, NR1I2, CEBPB, ACTB, HIBCH, EIF3F, SHBG, NQO2, ESR2, ESR1, ATP5F1C, HSP90AA1, UBA1, HCK, PIK3CG, UGT3A1, ATP5F1A, CSNK2B, PIM1, AHR, STK17B, HSPA2, CBR1, ATP5F1B	-1.0164928236798925	0.21238301512914168
28	DB03758	Radicicol		DLAT, HSP90B1, PDK3, HSP90AB1	-3.070723782624726	0.2146936663172282
29	DB00615	Rifabutin	For the prevention of disseminated <i>Mycobacterium avium</i> complex (MAC) disease in patients with advanced HIV infection.	HSP90B1, HSP90AA1	-5.772974747540202	0.22495662519419024
